﻿<?xml version="1.0"?>
<doc>
<assembly>
<name>
ClassifierConsole
</name>
</assembly>
<members>
<member name="T:ClassifierConsole.Module1">
 <summary>
  Console app
 </summary>
 <remarks>-</remarks>
</member>
<member name="M:ClassifierConsole.Module1.Map(ClassifierClient.Classifier,System.String)">
 <summary>
  Maps User-Agent String to Device
 </summary>
 <param name="client">ClassifierClient</param>
 <param name="text">User-Agent String</param>
 <remarks>-</remarks>
</member>
<member name="T:ClassifierConsole.My.Resources.Resources">
<summary>
  A strongly-typed resource class, for looking up localized strings, etc.
</summary>
</member>
<member name="P:ClassifierConsole.My.Resources.Resources.ResourceManager">
<summary>
  Returns the cached ResourceManager instance used by this class.
</summary>
</member>
<member name="P:ClassifierConsole.My.Resources.Resources.Culture">
<summary>
  Overrides the current thread's CurrentUICulture property for all
  resource lookups using this strongly typed resource class.
</summary>
</member>
</members>
</doc>
